FILIAL;C«?D. PRODUTO;DESC. PRODUTO;DESC. GRUPO DE PRODUTO;QTDE. ESTOQUE
BA - ILHEUS CENTRO;1010009161;CAIXA PARA PRESENTE G VERDE;[ ICX ] CAIXAS;0
BA - ILHEUS CENTRO;1010009160;CAIXA PARA PRESENTE P VERDE;[ ICX ] CAIXAS;0
BA - ILHEUS CENTRO;1;ANULACAO DE VALORES DE SERVICO DE TRANSPORTE;[ MX ] MATERIAL EXPEDIENTE;0
BA - ILHEUS CENTRO;1060009057;ETIQUETA AD TRANSPARENTE C/ HOT (PCT 200 UN) (58 X 48);[ MX ] MATERIAL EXPEDIENTE;0
BA - ILHEUS CENTRO;1060009054;TAG PRESENTE (PACOTE C/ 100 UN);[ MX ] MATERIAL EXPEDIENTE;0
BA - ILHEUS CENTRO;1060009056;TIRAS OLFATIVAS - PAPEL TESTE;[ MX ] MATERIAL EXPEDIENTE;0
BA - ILHEUS CENTRO;1010009011;ESCOVA COM PEDRA POMES;ACESSORIOS BANHO;3
BA - ILHEUS CENTRO;1010009012;ESCOVA DE BANHO COM MASSAGEADOR;ACESSORIOS BANHO;0
BA - ILHEUS CENTRO;1010009013;ESCOVAO DE MADEIRA P/ BANHO;ACESSORIOS BANHO;4
BA - ILHEUS CENTRO;1010009014;MASSAGEADOR MADEIRA P;ACESSORIOS BANHO;8
BA - ILHEUS CENTRO;1080820200;BANHO REFRESCANTE FRUTAS 200 ML;ACOES PROMOCIONAIS;9
BA - ILHEUS CENTRO;1080010200;BANHO REFRESCANTE LAVANDA 200 ML;ACOES PROMOCIONAIS;0
BA - ILHEUS CENTRO;1061490005;DEO PARFUM MASCULINO SELETO - AMOSTRA GRATIS;ACOES PROMOCIONAIS;0
BA - ILHEUS CENTRO;1020550251;PERFUME PARA INTERIORES PROMOCIONAL ALECRIM 250 ML;ACOES PROMOCIONAIS;0
BA - ILHEUS CENTRO;1020020251;PERFUME PARA INTERIORES PROMOCIONAL CASCAS E FOLHAS 250 ML;ACOES PROMOCIONAIS;0
BA - ILHEUS CENTRO;1030551100;AGUA PERFUMADA PARA ROUPAS ALECRIM 1100 ML;ALECRIM;5
BA - ILHEUS CENTRO;1040550030;ESSENCIA CONCENTRADA ALECRIM 30 ML;ALECRIM;1
BA - ILHEUS CENTRO;2040550210;ESSENCIA PARA DIFUSOR ALECRIM 210 ML;ALECRIM;0
BA - ILHEUS CENTRO;1050559033;KIT TRIO CASA ALECRIM;ALECRIM;0
BA - ILHEUS CENTRO;1040550045;MINI DIFUSOR ALECRIM 45 ML;ALECRIM;0
BA - ILHEUS CENTRO;1020550250;PERFUME PARA INTERIORES AEROSOL ALECRIM 250 ML;ALECRIM;2
BA - ILHEUS CENTRO;1020551100;PERFUME PARA INTERIORES ALECRIM 1100 ML;ALECRIM;4
BA - ILHEUS CENTRO;1020550200;PERFUME PARA INTERIORES ALECRIM 200 ML;ALECRIM;15
BA - ILHEUS CENTRO;1020550030;PERFUME PARA INTERIORES ALECRIM 30 ML;ALECRIM;8
BA - ILHEUS CENTRO;1020550500;PERFUME PARA INTERIORES ALECRIM 500 ML;ALECRIM;5
BA - ILHEUS CENTRO;2090550500;REFIL SABONETE LIQUIDO ALECRIM 500ML;ALECRIM;2
BA - ILHEUS CENTRO;1090550380;SABONETE LIQUIDO ALECRIM 380 ML;ALECRIM;5
BA - ILHEUS CENTRO;1090550500;SABONETE LIQUIDO ALECRIM 500ML;ALECRIM;3
BA - ILHEUS CENTRO;1100550015;SACHE ENVELOPE PERFUMADO ALECRIM 15G;ALECRIM;10
BA - ILHEUS CENTRO;1030801000;AGUA PERFUMADA PARA ROUPAS ALECRIM & CAPIM LIMAO 1000 ML;ALECRIM & CAPIM LIMAO;4
BA - ILHEUS CENTRO;1040800100;DIFUSOR DE ESSENCIAS ALECRIM & CAPIM LIMAO 100 ML;ALECRIM & CAPIM LIMAO;0
BA - ILHEUS CENTRO;1020800500;PERFUME PARA INTERIORES ALECRIM & CAPIM LIMAO 500;ALECRIM & CAPIM LIMAO;1
BA - ILHEUS CENTRO;1090800100;SABONETE EM BARRA ALECRIM & CAPIM LIMAO 100 G (CX/;ALECRIM & CAPIM LIMAO;2
BA - ILHEUS CENTRO;1090800350;SABONETE LIQUIDO ALECRIM & CAPIM LIMAO 350 ML;ALECRIM & CAPIM LIMAO;6
BA - ILHEUS CENTRO;1081570100;DEO COLONIA AMAU 100 ML;AMAU;5
BA - ILHEUS CENTRO;1030581100;AGUA PERFUMADA PARA ROUPAS AMBAR 1100 ML;AMBAR;5
BA - ILHEUS CENTRO;1040580030;ESSENCIA CONCENTRADA AMBAR 30 ML;AMBAR;6
BA - ILHEUS CENTRO;2040580210;ESSENCIA PARA DIFUSOR AMBAR 210 ML;AMBAR;5
BA - ILHEUS CENTRO;1040580045;MINI DIFUSOR AMBAR 45 ML;AMBAR;0
BA - ILHEUS CENTRO;1020580250;PERFUME PARA INTERIORES AEROSOL AMBAR 250 ML;AMBAR;0
BA - ILHEUS CENTRO;1020581100;PERFUME PARA INTERIORES AMBAR 1100 ML;AMBAR;5
BA - ILHEUS CENTRO;1020580200;PERFUME PARA INTERIORES AMBAR 200 ML;AMBAR;5
BA - ILHEUS CENTRO;1020580030;PERFUME PARA INTERIORES AMBAR 30 ML;AMBAR;10
BA - ILHEUS CENTRO;1020580500;PERFUME PARA INTERIORES AMBAR 500 ML;AMBAR;4
BA - ILHEUS CENTRO;2090580500;REFIL SABONETE LIQUIDO AMBAR 500ML;AMBAR;4
BA - ILHEUS CENTRO;1090580380;SABONETE LIQUIDO AMBAR 380 ML;AMBAR;2
BA - ILHEUS CENTRO;1090580500;SABONETE LIQUIDO AMBAR 500ML;AMBAR;3
BA - ILHEUS CENTRO;1100580015;SACHE ENVELOPE PERFUMADO AMBAR 15G;AMBAR;8
BA - ILHEUS CENTRO;1031051000;AGUA PERFUMADA PARA ROUPAS AMORA & PITANGA 1000 ML;AMORA & PITANGA;0
BA - ILHEUS CENTRO;1041050100;DIFUSOR DE ESSENCIAS AMORA & PITANGA 100 ML;AMORA & PITANGA;7
BA - ILHEUS CENTRO;1021050500;PERFUME PARA INTERIORES AMORA & PITANGA PPI 500ML;AMORA & PITANGA;5
BA - ILHEUS CENTRO;1091050100;SABONETE EM BARRA AMORA & PITANGA 100 G (CX/3 UNI;AMORA & PITANGA;6
BA - ILHEUS CENTRO;1091050350;SABONETE LIQUIDO AMORA & PITANGA 350 ML;AMORA & PITANGA;3
BA - ILHEUS CENTRO;1061140007;CREME DE MANTEIGAS (UNID) - AMOSTRA GR«ÅTIS;AMOSTRA GRATIS;0
BA - ILHEUS CENTRO;1010000380;APLICADOR SPRAY 380ML;APLICADOR;9
BA - ILHEUS CENTRO;1051159242;KIT APOENA;APOENA;0
BA - ILHEUS CENTRO;1031071100;AGUA PERFUMADA PARA ROUPAS BAMBU 1100 ML;APPR 1100;0
BA - ILHEUS CENTRO;1030181100;AGUA PERFUMADA PARA ROUPAS GOIM 1100 ML;APPR 1100;2
BA - ILHEUS CENTRO;1030011100;AGUA PERFUMADA PARA ROUPAS LAVANDA 1100 ML;APPR 1100;3
BA - ILHEUS CENTRO;1030211100;AGUA PERFUMADA PARA ROUPAS PATCHOULI 1100 ML;APPR 1100;1
BA - ILHEUS CENTRO;1051129241;KIT AURORA;AURORA;0
BA - ILHEUS CENTRO;1041290100;DIFUSOR DE ESSENCIAS AVADORE 100 ML;AVADORE;8
BA - ILHEUS CENTRO;2041290210;ESSENCIA PARA DIFUSOR AVADORE 210 ML;AVADORE;1
BA - ILHEUS CENTRO;1021290090;PERFUME PARA INTERIORES AVADORE 90 ML;AVADORE;5
BA - ILHEUS CENTRO;1121290050;VELA AROMATICA AVADORE 50 G;AVADORE;4
BA - ILHEUS CENTRO;1010009155;BALDE BEGE COM LOGO - TAMANHO G;BALDES;0
BA - ILHEUS CENTRO;1010009154;BALDE BEGE COM LOGO - TAMANHO M;BALDES;7
BA - ILHEUS CENTRO;1010009153;BALDE BEGE COM LOGO - TAMANHO P;BALDES;3
BA - ILHEUS CENTRO;1010009007;BUCHA VEGETAL REDONDA;BANHO;23
BA - ILHEUS CENTRO;1010009023;TIARA ATOALHADA;BANHO;0
BA - ILHEUS CENTRO;1010009024;TOUCA ATOALHADA;BANHO;0
BA - ILHEUS CENTRO;1081150100;AGUA DE COLONIA APOENA 100 ML;BANHO REFRESCANTE;6
BA - ILHEUS CENTRO;1081120100;AGUA DE COLONIA AURORA 100 ML;BANHO REFRESCANTE;9
BA - ILHEUS CENTRO;1081170100;AGUA DE COLONIA SERENA 100 ML;BANHO REFRESCANTE;4
BA - ILHEUS CENTRO;1080830030;BANHO REFRESCANTE ERVAS 30 ML;BANHO REFRESCANTE;0
BA - ILHEUS CENTRO;1080830301;BANHO REFRESCANTE ERVAS 300 ML;BANHO REFRESCANTE;22
BA - ILHEUS CENTRO;1080820030;BANHO REFRESCANTE FRUTAS 30 ML;BANHO REFRESCANTE;0
BA - ILHEUS CENTRO;1080820300;BANHO REFRESCANTE FRUTAS 300 ML;BANHO REFRESCANTE;0
BA - ILHEUS CENTRO;1080010301;BANHO REFRESCANTE LAVANDA 300 ML;BANHO REFRESCANTE;39
BA - ILHEUS CENTRO;1081510100;DEO COLONIA FEMININA BELLA 100 ML;BELLA;10
BA - ILHEUS CENTRO;1051519274;KIT AINDA MAIS BELLA;BELLA;4
BA - ILHEUS CENTRO;2041430210;ESSENCIA PARA DIFUSOR BEMGLO 210 ML;BEMGL«?;0
BA - ILHEUS CENTRO;1071110080;BONISSIMO SHAVE - CREME PARA BARBEAR 80 G;BONISSIMO;1
BA - ILHEUS CENTRO;1081110050;DEO COLONIA BONISSIMO 50 ML;BONISSIMO;11
BA - ILHEUS CENTRO;1050009193;KIT BONISSIMO SHAVE ACESSORIOS;BONISSIMO;3
BA - ILHEUS CENTRO;1051119138;NOVO BONISSIMO CARE COM SHAVE 2015;BONISSIMO;0
BA - ILHEUS CENTRO;1071110030;POS BARBA BONISSIMO 30 G;BONISSIMO;17
BA - ILHEUS CENTRO;1091119128;SABONETE EM BARRA BONISSIMO 100 G (CX/3 UNID);BONISSIMO;12
BA - ILHEUS CENTRO;1081600050;DEO COLONIA BONISSIMO BLACK 50 ML;BONISSIMO BLACK;1
BA - ILHEUS CENTRO;1161600150;DESODORANTE AEROSOL ANTITRANSPIRANTE BONISSIMO BLACK 150 ML;BONISSIMO BLACK;2
BA - ILHEUS CENTRO;1051609234;KIT BONISSIMO BLACK;BONISSIMO BLACK;0
BA - ILHEUS CENTRO;1091609195;SABONETE EM BARRA BONISSIMO BLACK (CX. C/ 3 UND.);BONISSIMO BLACK;20
BA - ILHEUS CENTRO;1131600180;SHAMPOO BONISSIMO BLACK 180 ML;BONISSIMO BLACK;11
BA - ILHEUS CENTRO;1071570030;EMULSAO SUAVIZANTE PARA MAOS AMAU 30 G;BRINDES;0
BA - ILHEUS CENTRO;1071150030;EMULSAO SUAVIZANTE PARA MAOS APOENA 30 G;BRINDES;0
BA - ILHEUS CENTRO;1071120030;EMULSAO SUAVIZANTE PARA MAOS AURORA 30 G;BRINDES;0
BA - ILHEUS CENTRO;1071510030;EMULSAO SUAVIZANTE PARA MAOS BELLA 30 G;BRINDES;0
BA - ILHEUS CENTRO;1041080350;DIFUSOR DE ESSENCIAS BUQUE DE PEONIAS 350 ML;BUQUE DE PEONIAS;11
BA - ILHEUS CENTRO;2041080210;ESSENCIA PARA DIFUSOR BUQUE DE PEONIAS 210 ML;BUQUE DE PEONIAS;7
BA - ILHEUS CENTRO;1071080350;HIDRATANTE CORPORAL BUQUE DE PEONIAS 350 ML;BUQUE DE PEONIAS;4
BA - ILHEUS CENTRO;1021080150;PERFUME PARA INTERIORES BUQUE DE PEONIAS 150 ML;BUQUE DE PEONIAS;2
BA - ILHEUS CENTRO;2071080350;REFIL HIDRATANTE CORPORAL BUQUE DE PEONIAS 350 ML;BUQUE DE PEONIAS;2
BA - ILHEUS CENTRO;2091080500;REFIL SABONETE LIQUIDO BUQUE DE PEONIAS 500 ML;BUQUE DE PEONIAS;3
BA - ILHEUS CENTRO;1091080120;SABONETE EM BARRA BUQUE DE PEONIAS (CX/ 3 UNID.);BUQUE DE PEONIAS;5
BA - ILHEUS CENTRO;1091080350;SABONETE LIQUIDO BUQUE DE PEONIAS 350 ML;BUQUE DE PEONIAS;2
BA - ILHEUS CENTRO;1111080700;SAL MARINHO PARA BANHO BUQUE DE PEONIAS 700 G;BUQUE DE PEONIAS;0
BA - ILHEUS CENTRO;1091599171;CACAO BRASILIS - CX COM 3 SABONETES;CACAO BRASILIS;1
BA - ILHEUS CENTRO;1071580200;CREME DE MANTEIGA CACAU & UCUUBA 200 G;CACAU & UCUUBA;0
BA - ILHEUS CENTRO;1050009104;KIT PRESENTE AVATIM G (PCT C/ 4 UNID);CAIXAS E ENVELOPES;0
BA - ILHEUS CENTRO;1070750300;EMULSAO HIDRATANTE CAMELIA 300 G;CAMELIA;4
BA - ILHEUS CENTRO;1090750300;GEL DE BANHO CAMELIA 300 ML;CAMELIA;13
BA - ILHEUS CENTRO;1090750100;SABONETE EM BARRA CAMELIA 100 G (CX/3 UNID.);CAMELIA;5
BA - ILHEUS CENTRO;1090750200;SABONETE EM BARRA CAMELIA 200 G;CAMELIA;6
BA - ILHEUS CENTRO;1030021100;AGUA PERFUMADA PARA ROUPAS CASCAS & FOLHAS 1100 ML;CASCAS E FOLHAS;5
BA - ILHEUS CENTRO;1100029229;DISPERSOR DE CERAMICA PERFUMADO CASCAS & FOLHAS;CASCAS E FOLHAS;5
BA - ILHEUS CENTRO;1040020030;ESSENCIA CONCENTRADA CASCAS & FOLHAS 30 ML;CASCAS E FOLHAS;3
BA - ILHEUS CENTRO;2040020210;ESSENCIA PARA DIFUSOR CASCAS E FOLHAS 210 ML;CASCAS E FOLHAS;4
BA - ILHEUS CENTRO;1050029033;KIT TRIO CASA CASCAS & FOLHAS;CASCAS E FOLHAS;1
BA - ILHEUS CENTRO;1040020045;MINI DIFUSOR CASCAS & FOLHAS 45 ML;CASCAS E FOLHAS;0
BA - ILHEUS CENTRO;1020020250;PERFUME PARA INTERIORES AEROSOL CASCAS & FOLHAS 250;CASCAS E FOLHAS;0
BA - ILHEUS CENTRO;1020021100;PERFUME PARA INTERIORES CASCAS & FOLHAS 1100 ML;CASCAS E FOLHAS;9
BA - ILHEUS CENTRO;1020020200;PERFUME PARA INTERIORES CASCAS & FOLHAS 200 ML;CASCAS E FOLHAS;7
BA - ILHEUS CENTRO;1020020030;PERFUME PARA INTERIORES CASCAS & FOLHAS 30 ML;CASCAS E FOLHAS;3
BA - ILHEUS CENTRO;1020020500;PERFUME PARA INTERIORES CASCAS & FOLHAS 500 ML;CASCAS E FOLHAS;3
BA - ILHEUS CENTRO;2090020500;REFIL SABONETE LIQUIDO CASCAS E FOLHAS 500 ML;CASCAS E FOLHAS;1
BA - ILHEUS CENTRO;1090020380;SABONETE LIQUIDO CASCAS & FOLHAS 380 ML;CASCAS E FOLHAS;5
BA - ILHEUS CENTRO;1090020500;SABONETE LIQUIDO CASCAS E FOLHAS 500ML;CASCAS E FOLHAS;2
BA - ILHEUS CENTRO;1100020015;SACHE ENVELOPE PERFUMADO CASCAS E FOLHAS 15G;CASCAS E FOLHAS;0
BA - ILHEUS CENTRO;1040670140;DIFUSOR CEDRO & CIPRESTE 140 ML;CEDRO & CIPRESTE;3
BA - ILHEUS CENTRO;2040670210;ESSENCIA PARA DIFUSOR CEDRO & CIPRESTE 210 ML;CEDRO & CIPRESTE;2
BA - ILHEUS CENTRO;1090009093;CHEIROS DA BAHIA - CX COM 5 SABONETES;CHEIROS DA BAHIA;6
BA - ILHEUS CENTRO;1077000080;EMULSAO HIDRATANTE CITRONELA 80 G;CITRONELA;11
BA - ILHEUS CENTRO;1027000150;PERFUME PARA INTERIORES CITRONELA 150 ML;CITRONELA;7
BA - ILHEUS CENTRO;1010009010;COLHER DE MADEIRA;COLHER DE MADEIRA;123
BA - ILHEUS CENTRO;1041420200;DIFUSOR DE ESSENCIAS CONDESSA 200ML;CONDESSA;7
BA - ILHEUS CENTRO;2041420210;ESSENCIA PARA DIFUSOR CONDESSA 210 ML;CONDESSA;9
BA - ILHEUS CENTRO;1071550500;ACUCAR EM OLEO ESFOLIANTE COPAIBA & ANDIROBA 500 G;COPAIBA & ANDIROBA;23
BA - ILHEUS CENTRO;1051559252;KIT BANHO DE BEM ESTAR - COPAIBA & ANDIROBA;COPAIBA & ANDIROBA;13
BA - ILHEUS CENTRO;1071550300;OLEO EM CREME COPAIBA & ANDIROBA 300 G;COPAIBA & ANDIROBA;7
BA - ILHEUS CENTRO;1091550180;SABONETE LIQUIDO ESFOLIANTE COPAIBA & ANDIROBA 180 ML;COPAIBA & ANDIROBA;6
BA - ILHEUS CENTRO;1070680050;EMULSAO SUAVIZANTE PARA AS MAOS AMORA SILVESTRE 50G;CREME PARA MAOS;2
BA - ILHEUS CENTRO;1071360050;EMULSAO SUAVIZANTE PARA AS MAOS CUPUACU 50G;CREME PARA MAOS;10
BA - ILHEUS CENTRO;1070730050;EMULSAO SUAVIZANTE PARA AS MAOS MANGA VERDE 50G;CREME PARA MAOS;8
BA - ILHEUS CENTRO;1050009130;KIT EMULSAO SUAVIZANTE PARA AS MAOS;CREME PARA MAOS;6
BA - ILHEUS CENTRO;1071030500;ACUCAR EM OLEO CUPUACU & CASTANHA DO BRASIL 500 G;CUPUACU & CASTANHA DO BRASIL;19
BA - ILHEUS CENTRO;1051039137;KIT BANHO DE BEM ESTAR - CUPUACU E CASTANHA DO BRASIL;CUPUACU & CASTANHA DO BRASIL;11
BA - ILHEUS CENTRO;1071039278;OLEO EM CREME CUPUACU & CASTANHA DO BRASIL 1000 G;CUPUACU & CASTANHA DO BRASIL;0
BA - ILHEUS CENTRO;1071030300;OLEO EM CREME CUPUACU & CASTANHA DO BRASIL 300 G;CUPUACU & CASTANHA DO BRASIL;10
BA - ILHEUS CENTRO;1091030180;SABONETE LIQUIDO ESFOLIANTE CUPUACU & CASTANHA DO;CUPUACU & CASTANHA DO BRASIL;1
BA - ILHEUS CENTRO;1030111100;AGUA PERFUMADA PARA ROUPAS CURUMIM 1100 ML;CURUMIM;1
BA - ILHEUS CENTRO;1070110380;ALCOOL EM GEL CURUMIM 380 ML;CURUMIM;0
BA - ILHEUS CENTRO;1100119229;DISPERSOR DE CERAMICA PERFUMADO CURUMIM;CURUMIM;13
BA - ILHEUS CENTRO;1040110030;ESSENCIA CONCENTRADA CURUMIM 30 ML;CURUMIM;1
BA - ILHEUS CENTRO;1020110250;PERFUME PARA INTERIORES AEROSOL CURUMIM 250 ML;CURUMIM;0
BA - ILHEUS CENTRO;1020111100;PERFUME PARA INTERIORES CURUMIM 1100 ML;CURUMIM;4
BA - ILHEUS CENTRO;1020110200;PERFUME PARA INTERIORES CURUMIM 200 ML;CURUMIM;4
BA - ILHEUS CENTRO;1020110030;PERFUME PARA INTERIORES CURUMIM 30 ML;CURUMIM;9
BA - ILHEUS CENTRO;1020110500;PERFUME PARA INTERIORES CURUMIM 500 ML;CURUMIM;5
BA - ILHEUS CENTRO;2090110500;REFIL SABONETE LIQUIDO CURUMIM 500ML;CURUMIM;3
BA - ILHEUS CENTRO;1090110380;SABONETE LIQUIDO CURUMIM 380 ML;CURUMIM;4
BA - ILHEUS CENTRO;1090110500;SABONETE LIQUIDO CURUMIM 500ML;CURUMIM;5
BA - ILHEUS CENTRO;1100110015;SACHE ENVELOPE PERFUMADO CURUMIM 15G;CURUMIM;12
BA - ILHEUS CENTRO;2120009102;VELAS PARA DIFUSOR AQUECIDO (CX COM 6 UND);DIFUSOR A VELA E REFIL;0
BA - ILHEUS CENTRO;1049990200;NOVO DIFUSOR DE ESSENCIA 200 ML;DIFUSOR CLASSICO;4
BA - ILHEUS CENTRO;1041070180;DIFUSOR DE ESSENCIAS BAMBU 180 ML;DIFUSORES CERAMICA E REFIL;5
BA - ILHEUS CENTRO;1040160180;DIFUSOR DE ESSENCIAS FLORESTA 180 ML;DIFUSORES CERAMICA E REFIL;0
BA - ILHEUS CENTRO;1040010180;DIFUSOR DE ESSENCIAS LAVANDA 180 ML;DIFUSORES CERAMICA E REFIL;8
BA - ILHEUS CENTRO;1040520180;DIFUSOR DE ESSENCIAS VERBENA 180 ML;DIFUSORES CERAMICA E REFIL;0
BA - ILHEUS CENTRO;1040740180;DIFUSOR DE ESSENCIAS YLANG YLANG 180 ML;DIFUSORES CERAMICA E REFIL;6
BA - ILHEUS CENTRO;2041070210;ESSENCIA PARA DIFUSOR BAMBU 210ML;DIFUSORES CERAMICA E REFIL;0
BA - ILHEUS CENTRO;2040160210;ESSENCIA PARA DIFUSOR FLORESTA 210ML;DIFUSORES CERAMICA E REFIL;3
BA - ILHEUS CENTRO;2040010210;ESSENCIA PARA DIFUSOR LAVANDA 210ML;DIFUSORES CERAMICA E REFIL;2
BA - ILHEUS CENTRO;2040190210;ESSENCIA PARA DIFUSOR TERRA MADRE 210 ML;DIFUSORES CERAMICA E REFIL;6
BA - ILHEUS CENTRO;2040520210;ESSENCIA PARA DIFUSOR VERBENA 210ML;DIFUSORES CERAMICA E REFIL;4
BA - ILHEUS CENTRO;2040740210;ESSENCIA PARA DIFUSOR YLANG YLANG 210ML;DIFUSORES CERAMICA E REFIL;5
BA - ILHEUS CENTRO;1010009022;SACOLA ECO BAG LISTRADA;ECOBAGS;2
BA - ILHEUS CENTRO;1081530200;AGUA REFRESCANTE EM FLOR 200 ML;EM FLOR;12
BA - ILHEUS CENTRO;1071530030;EMULSAO SUAVIZANTE PARA MAOS EM FLOR 30 G;EM FLOR;0
BA - ILHEUS CENTRO;1091539251;GEL DE BANHO ESFOLIANTE EM FLOR 120 ML;EM FLOR;15
BA - ILHEUS CENTRO;1051539240;KIT EM FLOR;EM FLOR;0
BA - ILHEUS CENTRO;1091530120;SABONETE EM BARRA EM FLOR 120 G;EM FLOR;0
BA - ILHEUS CENTRO;1010009254;KIT CAIXA PARA PRESENTE G;EMBALAGENS PARA PRESENTE;4
BA - ILHEUS CENTRO;1010009260;KIT CAIXA PARA PRESENTE G (PCT COM 5 UNID);EMBALAGENS PARA PRESENTE;1
BA - ILHEUS CENTRO;1010009253;KIT CAIXA PARA PRESENTE P;EMBALAGENS PARA PRESENTE;0
BA - ILHEUS CENTRO;1010009259;KIT CAIXA PARA PRESENTE P (PCT COM 5 UNID);EMBALAGENS PARA PRESENTE;0
BA - ILHEUS CENTRO;1060009067;FITA CETIM DOURADA 22MM C/ LOGO AVATIM (ROLO 50M);FITAS;0
BA - ILHEUS CENTRO;1030491100;AGUA PERFUMADA PARA ROUPAS FLOR DE ALGODAO 1100 ML;FLOR DE ALGODAO;1
BA - ILHEUS CENTRO;1100499229;DISPERSOR DE CERAMICA PERFUMADO FLOR DE ALGODAO;FLOR DE ALGODAO;8
BA - ILHEUS CENTRO;1040490030;ESSENCIA CONCENTRADA FLOR DE ALGODAO 30 ML;FLOR DE ALGODAO;7
BA - ILHEUS CENTRO;2040490210;ESSENCIA PARA DIFUSOR FLOR DE ALGODAO 210 ML;FLOR DE ALGODAO;5
BA - ILHEUS CENTRO;1050499033;KIT TRIO CASA FLOR DE ALGODAO;FLOR DE ALGODAO;4
BA - ILHEUS CENTRO;1020490250;PERFUME PARA INTERIORES AEROSOL FLOR DE ALGODAO 25;FLOR DE ALGODAO;0
BA - ILHEUS CENTRO;1020491100;PERFUME PARA INTERIORES FLOR DE ALGODAO 1100 ML;FLOR DE ALGODAO;5
BA - ILHEUS CENTRO;1020490200;PERFUME PARA INTERIORES FLOR DE ALGODAO 200 ML;FLOR DE ALGODAO;9
BA - ILHEUS CENTRO;1020490030;PERFUME PARA INTERIORES FLOR DE ALGODAO 30 ML;FLOR DE ALGODAO;7
BA - ILHEUS CENTRO;1020490500;PERFUME PARA INTERIORES FLOR DE ALGODAO 500 ML;FLOR DE ALGODAO;7
BA - ILHEUS CENTRO;2090490500;REFIL SABONETE LIQUIDO FLOR DE ALGODAO 500ML;FLOR DE ALGODAO;2
BA - ILHEUS CENTRO;1090490380;SABONETE LIQUIDO FLOR DE ALGODAO 380 ML;FLOR DE ALGODAO;2
BA - ILHEUS CENTRO;1090490500;SABONETE LIQUIDO FLOR DE ALGODAO 500ML;FLOR DE ALGODAO;4
BA - ILHEUS CENTRO;1100499077;SACHE MINI ALMOFADA FLOR DE ALGODAO (CX C/ 6 UNID.);FLOR DE ALGODAO;5
BA - ILHEUS CENTRO;1070760301;EMULSAO HIDRATANTE FLOR DE CEREJEIRA 300 G;FLOR DE CEREJEIRA;0
BA - ILHEUS CENTRO;1090760301;GEL DE BANHO FLOR DE CEREJEIRA 300 ML;FLOR DE CEREJEIRA;5
BA - ILHEUS CENTRO;1050769036;KIT VINTAGE FLOR DE CEREJEIRA;FLOR DE CEREJEIRA;0
BA - ILHEUS CENTRO;1090760100;SABONETE EM BARRA FLOR DE CEREJEIRA 100 G (CX/3 U;FLOR DE CEREJEIRA;2
BA - ILHEUS CENTRO;1090760201;SABONETE EM BARRA FLOR DE CEREJEIRA 200 G;FLOR DE CEREJEIRA;9
BA - ILHEUS CENTRO;1041650260;DIFUSOR DE ESSENCIAS FLORES DA CORTE 260 ML;FLORES DA CORTE;0
BA - ILHEUS CENTRO;2041650210;ESSENCIA PARA DIFUSOR FLORES DA CORTE 210 ML;FLORES DA CORTE;7
BA - ILHEUS CENTRO;1040000270;FRASCO VIDRO GARRAFA 270ML;FRASCOS DIFUSORES;0
BA - ILHEUS CENTRO;1040009080;FRASCO VIDRO GOMOS PINGENTE BRANCO;FRASCOS DIFUSORES;1
BA - ILHEUS CENTRO;1040009081;FRASCO VIDRO GOMOS PINGENTE LILAS;FRASCOS DIFUSORES;1
BA - ILHEUS CENTRO;1040009082;FRASCO VIDRO GOMOS PINGENTE PRETO;FRASCOS DIFUSORES;0
BA - ILHEUS CENTRO;1040000170;FRASCO VIDRO RETANGULAR 170ML;FRASCOS DIFUSORES;0
BA - ILHEUS CENTRO;1040009083;FRASCO VIDRO RETANGULAR PINGENTE BRANCO;FRASCOS DIFUSORES;0
BA - ILHEUS CENTRO;1040009084;FRASCO VIDRO RETANGULAR PINGENTE LILAS;FRASCOS DIFUSORES;3
BA - ILHEUS CENTRO;1040009085;FRASCO VIDRO RETANGULAR PINGENTE PRETO;FRASCOS DIFUSORES;1
BA - ILHEUS CENTRO;1070770300;EMULSAO HIDRATANTE FRUTO DA PERSIA 300 G;FRUTO DA PERSIA;2
BA - ILHEUS CENTRO;1090770300;GEL DE BANHO FRUTO DA PERSIA 300 ML;FRUTO DA PERSIA;3
BA - ILHEUS CENTRO;1090770100;SABONETE EM BARRA FRUTO DA PERSIA 100 G (CX/3 UNI;FRUTO DA PERSIA;7
BA - ILHEUS CENTRO;1090770200;SABONETE EM BARRA FRUTO DA PERSIA 200 G;FRUTO DA PERSIA;8
BA - ILHEUS CENTRO;1090200300;GEL DE BANHO LAGUNA 300 ML;GEL DE BANHO;8
BA - ILHEUS CENTRO;1090620301;GEL DE BANHO MURU MURU 300 ML;GEL DE BANHO;4
BA - ILHEUS CENTRO;1090520300;GEL DE BANHO VERBENA 300 ML;GEL DE BANHO;15
BA - ILHEUS CENTRO;1090740301;GEL DE BANHO YLANG YLANG 300 ML;GEL DE BANHO;20
BA - ILHEUS CENTRO;1081500100;DEO COLONIA FEMININA GIGI 100 ML;GIGI;12
BA - ILHEUS CENTRO;1051509200;KIT DEO COLONIA FEMININA GIGI;GIGI;8
BA - ILHEUS CENTRO;1081150030;AGUA DE COLONIA APOENA 30 ML;INATIVO;0
BA - ILHEUS CENTRO;1081120030;AGUA DE COLONIA AURORA 30 ML;INATIVO;0
BA - ILHEUS CENTRO;1081170030;AGUA DE COLONIA SERENA 30 ML;INATIVO;0
BA - ILHEUS CENTRO;1030051100;AGUA PERFUMADA PARA ROUPAS BRISA 1100 ML;INATIVO;0
BA - ILHEUS CENTRO;1030481100;AGUA PERFUMADA PARA ROUPAS CHA VERDE & CAMOMILA 11;INATIVO;0
BA - ILHEUS CENTRO;1030441100;AGUA PERFUMADA PARA ROUPAS ORIENTAL 1100 ML;INATIVO;0
BA - ILHEUS CENTRO;1081100050;AGUA REFRESCANTE VERBENA & BAMBU 50 ML;INATIVO;0
BA - ILHEUS CENTRO;1081420200;ARES DE CONDESSA 200 ML;INATIVO;0
BA - ILHEUS CENTRO;1010009004;BALDE METAL TAMANHO G;INATIVO;0
BA - ILHEUS CENTRO;1010009005;BALDE METAL TAMANHO GG;INATIVO;0
BA - ILHEUS CENTRO;1010009003;BALDE METAL TAMANHO M;INATIVO;0
BA - ILHEUS CENTRO;1010009002;BALDE METAL TAMANHO P;INATIVO;0
BA - ILHEUS CENTRO;1080830200;BANHO REFRESCANTE ERVAS 200 ML;INATIVO;0
BA - ILHEUS CENTRO;1131110080;BONISSIMO WAVE - GEL FIXADOR PARA CABELOS 80 G;INATIVO;0
BA - ILHEUS CENTRO;1081440100;DEO COLONIA BEMGLO 100 ML;INATIVO;0
BA - ILHEUS CENTRO;1040550200;DIFUSOR DE ESSENCIAS ALECRIM 200 ML;INATIVO;0
BA - ILHEUS CENTRO;1040800120;DIFUSOR DE ESSENCIAS ALECRIM E CAPIM LIMAO 120 ML;INATIVO;0
BA - ILHEUS CENTRO;1041050120;DIFUSOR DE ESSENCIAS AMORA E PITANGA 120 ML;INATIVO;0
BA - ILHEUS CENTRO;1040009098;DIFUSOR DE ESSENCIAS AQUECIDO A VELA;INATIVO;0
BA - ILHEUS CENTRO;1041430200;DIFUSOR DE ESSENCIAS BEMGLO 200 ML;INATIVO;0
BA - ILHEUS CENTRO;1040020200;DIFUSOR DE ESSENCIAS CASCAS & FOLHAS 200 ML;INATIVO;0
BA - ILHEUS CENTRO;1040230200;DIFUSOR DE ESSENCIAS PITANGA 200 ML;INATIVO;0
BA - ILHEUS CENTRO;1070820250;EMULSAO CORPORAL PROMOCIONAL FRUTAS 250 G - INATIVO;INATIVO;0
BA - ILHEUS CENTRO;1070750200;EMULSAO CREMOSA CAMELIA 200 G;INATIVO;0
BA - ILHEUS CENTRO;1070760200;EMULSAO CREMOSA FLOR DE CEREJEIRA 200 G;INATIVO;0
BA - ILHEUS CENTRO;1070770200;EMULSAO CREMOSA FRUTOS DA PERSIA 200 G;INATIVO;0
BA - ILHEUS CENTRO;1070780200;EMULSAO CREMOSA MARINA 200 G;INATIVO;0
BA - ILHEUS CENTRO;1070790200;EMULSAO CREMOSA TAPAJOS 200 G;INATIVO;0
BA - ILHEUS CENTRO;1071100050;EMULSAO CREMOSA VERBENA & BAMBU 50 G;INATIVO;0
BA - ILHEUS CENTRO;1071440030;EMULSAO SUAVIZANTE PARA AS MAOS BEMGLO 30 G;INATIVO;0
BA - ILHEUS CENTRO;1071080050;EMULSAO SUAVIZANTE PARA AS MAOS BUQUE DE PEONIAS 50 G - INAT;INATIVO;0
BA - ILHEUS CENTRO;1040009264;FRASCO VIDRO QUADRADO PINGENTE DOURADO;INATIVO;0
BA - ILHEUS CENTRO;1091110140;GEL DE BANHO BONISSIMO 140 ML;INATIVO;0
BA - ILHEUS CENTRO;1091440150;GEL DE BANHO ESFOLIANTE BEMGLO 150 G;INATIVO;0
BA - ILHEUS CENTRO;1071440300;HIDRATANTE CORPORAL BEMGLO 300 ML;INATIVO;0
BA - ILHEUS CENTRO;1010009119;IMPRESSORA FISCAL BEMATECH MP4000 TH F;INATIVO;0
BA - ILHEUS CENTRO;1120589079;INCENSO AMBAR CAIXA C/ 20 UNID.;INATIVO;0
BA - ILHEUS CENTRO;1120699079;INCENSO CRAVO & CANELA CAIXA C/ 20 UNID.;INATIVO;0
BA - ILHEUS CENTRO;1120219079;INCENSO PATCHOULI CAIXA C/ 20 UNID.;INATIVO;0
BA - ILHEUS CENTRO;1051109035;KIT AMENIDADES VERBENA & BAMBU;INATIVO;0
BA - ILHEUS CENTRO;1051569202;KIT BON VOYAGE;INATIVO;0
BA - ILHEUS CENTRO;1051569166;KIT BON VOYAGE LARANJA;INATIVO;0
BA - ILHEUS CENTRO;1010009009;KIT CX PRESENTE;INATIVO;0
BA - ILHEUS CENTRO;1050009107;KIT PRESENTE AVATIM - NATAL 2014;INATIVO;0
BA - ILHEUS CENTRO;1100009158;MINI SEGREDOS DA FLORESTA POUT POURRI;INATIVO;0
BA - ILHEUS CENTRO;1010009167;NECESSAIRE PARA AMENIDADES;INATIVO;0
BA - ILHEUS CENTRO;1071030501;NOVO ACUCAR EM OLEO CUPUACU & CASTANHA DO BRASIL 500 G;INATIVO;0
BA - ILHEUS CENTRO;1051119194;NOVO BONISSIMO CARE;INATIVO;0
BA - ILHEUS CENTRO;1021420030;PERFUME PARA CARROS CONDESSA 30 ML;INATIVO;0
BA - ILHEUS CENTRO;1020314600;PERFUME PARA INTERIORES ALGAS MARINHAS 4600 ML;INATIVO;0
BA - ILHEUS CENTRO;1021054600;PERFUME PARA INTERIORES AMORA E PITANGA 4600 ML;INATIVO;0
BA - ILHEUS CENTRO;1020510500;PERFUME PARA INTERIORES BAUNILHA 500 ML;INATIVO;0
BA - ILHEUS CENTRO;1021430200;PERFUME PARA INTERIORES BEMGLO 200 ML;INATIVO;0
BA - ILHEUS CENTRO;1020051100;PERFUME PARA INTERIORES BRISA 1100 ML;INATIVO;0
BA - ILHEUS CENTRO;1020050200;PERFUME PARA INTERIORES BRISA 200 ML;INATIVO;0
BA - ILHEUS CENTRO;1021084600;PERFUME PARA INTERIORES BUQUE DE PEONIAS 4600 ML;INATIVO;0
BA - ILHEUS CENTRO;1020481100;PERFUME PARA INTERIORES CHA VERDE & CAMOMILA 1100;INATIVO;0
BA - ILHEUS CENTRO;1020480200;PERFUME PARA INTERIORES CHA VERDE & CAMOMILA 200 M;INATIVO;0
BA - ILHEUS CENTRO;1021434600;PERFUME PARA INTERIORES HORA DO SOSSEGO 4600 ML;INATIVO;0
BA - ILHEUS CENTRO;1020201100;PERFUME PARA INTERIORES LAGUNA 1100 ML;INATIVO;0
BA - ILHEUS CENTRO;1020200200;PERFUME PARA INTERIORES LAGUNA 200 ML;INATIVO;0
BA - ILHEUS CENTRO;1020200500;PERFUME PARA INTERIORES LAGUNA 500 ML;INATIVO;0
BA - ILHEUS CENTRO;1021044600;PERFUME PARA INTERIORES LAVANDA E AMBAR 4600 ML;INATIVO;0
BA - ILHEUS CENTRO;1020621100;PERFUME PARA INTERIORES MURU MURU 1100 ML;INATIVO;0
BA - ILHEUS CENTRO;1020620200;PERFUME PARA INTERIORES MURU MURU 200 ML;INATIVO;0
BA - ILHEUS CENTRO;6377;QUADRO 7983 - INATIVO;INATIVO;0
BA - ILHEUS CENTRO;6383;QUADRO 8780 - INATIVO;INATIVO;0
BA - ILHEUS CENTRO;2040020200;REFIL DIFUSOR DE ESSENCIAS CASCAS & FOLHAS 200 ML;INATIVO;0
BA - ILHEUS CENTRO;2041420200;REFIL DIFUSOR DE ESSENCIAS CONDESSA 200 ML;INATIVO;0
BA - ILHEUS CENTRO;2040230200;REFIL DIFUSOR DE ESSENCIAS PITANGA 200 ML;INATIVO;0
BA - ILHEUS CENTRO;2090550380;REFIL SABONETE LIQUIDO ALECRIM 380 ML;INATIVO;0
BA - ILHEUS CENTRO;2090580380;REFIL SABONETE LIQUIDO AMBAR 380 ML;INATIVO;0
BA - ILHEUS CENTRO;2091070380;REFIL SABONETE LIQUIDO BAMBU 380 ML;INATIVO;0
BA - ILHEUS CENTRO;2090020380;REFIL SABONETE LIQUIDO CASCAS & FOLHAS 380 ML;INATIVO;0
BA - ILHEUS CENTRO;2090620380;REFIL SABONETE LIQUIDO MURU MURU 380 ML;INATIVO;0
BA - ILHEUS CENTRO;2090190180;REFIL SABONETE LIQUIDO TERRA MADRE 180 ML;INATIVO;0
BA - ILHEUS CENTRO;2020009125;REFIL VARETAS HORA DO SOSSEGO - INATIVO;INATIVO;0
BA - ILHEUS CENTRO;1091110100;SABONETE EM BARRA BONISSIMO 100 G;INATIVO;0
BA - ILHEUS CENTRO;1091070380;SABONETE LIQUIDO BAMBU 380 ML;INATIVO;0
BA - ILHEUS CENTRO;1091430300;SABONETE LIQUIDO BEMGLO 300 ML;INATIVO;0
BA - ILHEUS CENTRO;1090760350;SABONETE LIQUIDO FLOR DE CEREJEIRA 350 ML;INATIVO;0
BA - ILHEUS CENTRO;1090770350;SABONETE LIQUIDO FRUTOS DE PERSIA 350 ML;INATIVO;0
BA - ILHEUS CENTRO;1090780350;SABONETE LIQUIDO MARINA 350 ML;INATIVO;0
BA - ILHEUS CENTRO;1090580501;SABONETE LIQUIDO PROMOCIONAL AMBAR 500 ML - INATIVO;INATIVO;0
BA - ILHEUS CENTRO;1090790350;SABONETE LIQUIDO TAPAJOS 350 ML;INATIVO;0
BA - ILHEUS CENTRO;1101299077;SACHE MINI ALMOFADA AVADORE (CX C/ 3 UNID);INATIVO;0
BA - ILHEUS CENTRO;1100029146;SACHE MINI ALMOFADA CASCAS E FOLHAS CINZA LISO (CX. 3 UNID.);INATIVO;0
BA - ILHEUS CENTRO;1101429077;SACHE MINI ALMOFADA CONDESSA (CX C/ 3 UNID);INATIVO;0
BA - ILHEUS CENTRO;1100119146;SACHE MINI ALMOFADA CURUMIM CORACAO AZUL (CX. C/ 3 UNID);INATIVO;0
BA - ILHEUS CENTRO;1100119147;SACHE MINI ALMOFADA CURUMIM POA ROSA (CX. C/ 3 UNID);INATIVO;0
BA - ILHEUS CENTRO;1100649146;SACHE MINI ALMOFADA PROVENCE CORACAO CINZA (CX C/ 3 UNID.);INATIVO;0
BA - ILHEUS CENTRO;1100029099;SACHET MINI ALMOFADA CASCAS E FOLHAS 2 (CX C/ 6);INATIVO;0
BA - ILHEUS CENTRO;1010009021;SACOLA ECO BAG;INATIVO;0
BA - ILHEUS CENTRO;1120680160;VELA AROMATICA AMORA SILVESTRE 160 G;INATIVO;0
BA - ILHEUS CENTRO;1121530250;VELA AROMATICA EM FLOR 250 G;INATIVO;0
BA - ILHEUS CENTRO;5221;SERVI«?O DE ROYALTIES;INATIVO BLOCO B;0
BA - ILHEUS CENTRO;2120589079;REFIL INCENSO AMBAR;INCENSO;7
BA - ILHEUS CENTRO;2120699079;REFIL INCENSO CRAVO & CANELA;INCENSO;6
BA - ILHEUS CENTRO;2120219079;REFIL INCENSO PATCHOULI;INCENSO;6
BA - ILHEUS CENTRO;1081470100;DEO COLONIA LATITUDE 14∂¯ - 100 ML;INDISPONIVEL;0
BA - ILHEUS CENTRO;1040009267;FRASCO VIDRO REDONDO PINGENTE DOURADO;INDISPONIVEL;0
BA - ILHEUS CENTRO;1051459127;KIT AMOR PERFEITO FEMININO;INDISPONIVEL;0
BA - ILHEUS CENTRO;1051469129;KIT AMOR PERFEITO HOMEM;INDISPONIVEL;0
BA - ILHEUS CENTRO;1010009149;NECESSAIRE ATOALHADA G;INDISPONIVEL;1
BA - ILHEUS CENTRO;1010009148;NECESSAIRE ATOALHADA P;INDISPONIVEL;0
BA - ILHEUS CENTRO;1031041000;AGUA PERFUMADA PARA ROUPAS LAVANDA & AMBAR 1000 ML;LAVANDA & AMBAR;2
BA - ILHEUS CENTRO;1041040100;DIFUSOR DE ESSENCIAS LAVANDA & AMBAR 100 ML;LAVANDA & AMBAR;12
BA - ILHEUS CENTRO;1041040120;DIFUSOR DE ESSENCIAS LAVANDA & AMBAR 120 ML;LAVANDA & AMBAR;4
BA - ILHEUS CENTRO;1021040500;PERFUME PARA INTERIORES LAVANDA & AMBAR 500ML;LAVANDA & AMBAR;8
BA - ILHEUS CENTRO;1091040100;SABONETE EM BARRA LAVANDA & AMBAR 100 G (CX/3 UNID;LAVANDA & AMBAR;4
BA - ILHEUS CENTRO;1091040350;SABONETE LIQUIDO LAVANDA & AMBAR 350 ML;LAVANDA & AMBAR;0
BA - ILHEUS CENTRO;1071270220;OLEO EM CREME MARACUJA & LIMA 220 G;MARACUJA & LIMA;6
BA - ILHEUS CENTRO;1070780301;EMULSAO HIDRATANTE MARINA 300 G;MARINA;0
BA - ILHEUS CENTRO;1090780301;GEL DE BANHO MARINA 300 ML;MARINA;17
BA - ILHEUS CENTRO;1050789036;KIT VINTAGE MARINA;MARINA;1
BA - ILHEUS CENTRO;1090780101;SABONETE EM BARRA MARINA 100 G (CX/3 UNID.);MARINA;4
BA - ILHEUS CENTRO;1090780200;SABONETE EM BARRA MARINA 200 G;MARINA;5
BA - ILHEUS CENTRO;1030251100;AGUA PERFUMADA PARA ROUPAS MARRUA 1100 ML;MARRUA;4
BA - ILHEUS CENTRO;1040250030;ESSENCIA CONCENTRADA MARRUA 30 ML;MARRUA;1
BA - ILHEUS CENTRO;1020250250;PERFUME PARA INTERIORES AEROSOL MARRUA 250 ML;MARRUA;4
BA - ILHEUS CENTRO;1020251100;PERFUME PARA INTERIORES MARRUA 1100 ML;MARRUA;2
BA - ILHEUS CENTRO;1020250200;PERFUME PARA INTERIORES MARRUA 200 ML;MARRUA;6
BA - ILHEUS CENTRO;1020250030;PERFUME PARA INTERIORES MARRUA 30 ML;MARRUA;1
BA - ILHEUS CENTRO;1020250500;PERFUME PARA INTERIORES MARRUA 500 ML;MARRUA;0
BA - ILHEUS CENTRO;2090250500;REFIL SABONETE LIQUIDO MARRUA 500ML;MARRUA;5
BA - ILHEUS CENTRO;1090250380;SABONETE LIQUIDO MARRUA 380 ML;MARRUA;5
BA - ILHEUS CENTRO;1090250500;SABONETE LIQUIDO MARRUA 500ML;MARRUA;4
BA - ILHEUS CENTRO;1071300200;MASCARA FACIAL BRANCA 200 G;MASCARAS FACIAIS;2
BA - ILHEUS CENTRO;1071310200;MASCARA FACIAL ROSA 200 G;MASCARAS FACIAIS;7
BA - ILHEUS CENTRO;1071320200;MASCARA FACIAL VERDE 200 G;MASCARAS FACIAIS;2
BA - ILHEUS CENTRO;1060009262;REVISTA AVATIM 3∂¯ EDICAO;MATERIAL DE APOIO;0
BA - ILHEUS CENTRO;1060009263;REVISTA AVATIM 3∂¯ EDICAO (PCT COM 20 UNID);MATERIAL DE APOIO;0
BA - ILHEUS CENTRO;1060009288;REVISTA AVATIM 4∂¯ EDICAO (PCT COM 20 UNID);MATERIAL GRAFICO - VENDA;0
BA - ILHEUS CENTRO;1091660100;CALDA ESFOLIANTE 100 ML - MEL TERAPIA;MEL TERAPIA;1
BA - ILHEUS CENTRO;1071660100;HIDRATANTE FACIAL 100 G - MEL TERAPIA;MEL TERAPIA;0
BA - ILHEUS CENTRO;1071669271;MOUSSE DE LIMPEZA 100 G - MEL TERAPIA;MEL TERAPIA;8
BA - ILHEUS CENTRO;1100119078;SACHE MINI ALMOFADA CURUMIM ROSA (CX C/ 6 UNID.);MINI ALMOFADA;0
BA - ILHEUS CENTRO;1100029077;SACHET MINI ALMOFADA CASCAS & FOLHAS (CX C/ 6 UNID.);MINI ALMOFADA;12
BA - ILHEUS CENTRO;1100119077;SACHET MINI ALMOFADA CURUMIM AZUL (CX C/ 6 UNID.);MINI ALMOFADA;4
BA - ILHEUS CENTRO;1100649077;SACHET MINI ALMOFADA PROVENCE (CX C/ 6 UNID.);MINI ALMOFADA;3
BA - ILHEUS CENTRO;1070620140;OLEO DE BANHO MURU MURU 140 ML;MURU MURU;11
BA - ILHEUS CENTRO;1070620060;OLEO DE BANHO MURU MURU 60 ML;MURU MURU;25
BA - ILHEUS CENTRO;1051529250;KIT AMENIDADES MURU MURU & PATAUA;MURU MURU & PATAUA;7
BA - ILHEUS CENTRO;1010009156;KIT NECESSAIRE ESTAMPADA COM MINI ALMOFADA;NECESSAIRES;0
BA - ILHEUS CENTRO;1071340120;OLEO DE MASSAGEM CORPORAL LEMONGRASS 120 ML;OLEOS DE MASSAGEM;2
BA - ILHEUS CENTRO;1070740120;OLEO DE MASSAGEM CORPORAL YLANG YLANG 120 ML;OLEOS DE MASSAGEM;2
BA - ILHEUS CENTRO;1071330120;OLEO DE MASSAGEM CORPORAL ZIMBRO 120 ML;OLEOS DE MASSAGEM;4
BA - ILHEUS CENTRO;1071280220;OLEO EM CREME PERA & LIMAO 220 G;PERA & LIMAO;5
BA - ILHEUS CENTRO;1020471100;PERFUME PARA INTERIORES AMAZONIA 1100 ML;PERFUME PARA INTERIORES 1100;0
BA - ILHEUS CENTRO;1020151100;PERFUME PARA INTERIORES ARUANA 1100 ML;PERFUME PARA INTERIORES 1100;1
BA - ILHEUS CENTRO;1021071100;PERFUME PARA INTERIORES BAMBU 1100 ML;PERFUME PARA INTERIORES 1100;2
BA - ILHEUS CENTRO;1020081100;PERFUME PARA INTERIORES CEDRO 1100 ML;PERFUME PARA INTERIORES 1100;0
BA - ILHEUS CENTRO;1020161100;PERFUME PARA INTERIORES FLORESTA 1100 ML;PERFUME PARA INTERIORES 1100;2
BA - ILHEUS CENTRO;1020171100;PERFUME PARA INTERIORES GABRIELA 1100 ML;PERFUME PARA INTERIORES 1100;0
BA - ILHEUS CENTRO;1020181100;PERFUME PARA INTERIORES GOIM 1100 ML;PERFUME PARA INTERIORES 1100;3
BA - ILHEUS CENTRO;1021131100;PERFUME PARA INTERIORES JAMBOA 1100 ML;PERFUME PARA INTERIORES 1100;2
BA - ILHEUS CENTRO;1020011100;PERFUME PARA INTERIORES LAVANDA 1100 ML;PERFUME PARA INTERIORES 1100;3
BA - ILHEUS CENTRO;1020261100;PERFUME PARA INTERIORES MELAO & MELANCIA 1100 ML;PERFUME PARA INTERIORES 1100;0
BA - ILHEUS CENTRO;1020291100;PERFUME PARA INTERIORES MORANGO 1100 ML;PERFUME PARA INTERIORES 1100;1
BA - ILHEUS CENTRO;1020441100;PERFUME PARA INTERIORES ORIENTAL 1100 ML;PERFUME PARA INTERIORES 1100;3
BA - ILHEUS CENTRO;1020211100;PERFUME PARA INTERIORES PATCHOULI 1100 ML;PERFUME PARA INTERIORES 1100;2
BA - ILHEUS CENTRO;1020121100;PERFUME PARA INTERIORES TERRAMAR 1100 ML;PERFUME PARA INTERIORES 1100;2
BA - ILHEUS CENTRO;1020521100;PERFUME PARA INTERIORES VERBENA 1100 ML;PERFUME PARA INTERIORES 1100;0
BA - ILHEUS CENTRO;1020601100;PERFUME PARA INTERIORES VINHEDOS 1100 ML;PERFUME PARA INTERIORES 1100;1
BA - ILHEUS CENTRO;1020470200;PERFUME PARA INTERIORES AMAZONIA 200 ML;PERFUME PARA INTERIORES 200;0
BA - ILHEUS CENTRO;1020150200;PERFUME PARA INTERIORES ARUANA 200 ML;PERFUME PARA INTERIORES 200;0
BA - ILHEUS CENTRO;1021070200;PERFUME PARA INTERIORES BAMBU 200 ML;PERFUME PARA INTERIORES 200;2
BA - ILHEUS CENTRO;1020080200;PERFUME PARA INTERIORES CEDRO 200 ML;PERFUME PARA INTERIORES 200;2
BA - ILHEUS CENTRO;1020160200;PERFUME PARA INTERIORES FLORESTA 200 ML;PERFUME PARA INTERIORES 200;3
BA - ILHEUS CENTRO;1020170200;PERFUME PARA INTERIORES GABRIELA 200 ML;PERFUME PARA INTERIORES 200;9
BA - ILHEUS CENTRO;1020180200;PERFUME PARA INTERIORES GOIM 200 ML;PERFUME PARA INTERIORES 200;12
BA - ILHEUS CENTRO;1021130200;PERFUME PARA INTERIORES JAMBOA 200 ML;PERFUME PARA INTERIORES 200;2
BA - ILHEUS CENTRO;1020010200;PERFUME PARA INTERIORES LAVANDA 200 ML;PERFUME PARA INTERIORES 200;2
BA - ILHEUS CENTRO;1020260200;PERFUME PARA INTERIORES MELAO & MELANCIA 200 ML;PERFUME PARA INTERIORES 200;0
BA - ILHEUS CENTRO;1020290200;PERFUME PARA INTERIORES MORANGO 200 ML;PERFUME PARA INTERIORES 200;4
BA - ILHEUS CENTRO;1020440200;PERFUME PARA INTERIORES ORIENTAL 200 ML;PERFUME PARA INTERIORES 200;4
BA - ILHEUS CENTRO;1020210200;PERFUME PARA INTERIORES PATCHOULI 200 ML;PERFUME PARA INTERIORES 200;3
BA - ILHEUS CENTRO;1020120200;PERFUME PARA INTERIORES TERRAMAR 200 ML;PERFUME PARA INTERIORES 200;3
BA - ILHEUS CENTRO;1020520200;PERFUME PARA INTERIORES VERBENA 200 ML;PERFUME PARA INTERIORES 200;2
BA - ILHEUS CENTRO;1020600200;PERFUME PARA INTERIORES VINHEDOS 200 ML;PERFUME PARA INTERIORES 200;4
BA - ILHEUS CENTRO;1020804600;PERFUME PARA INTERIORES ALECRIM & CAPIM LIMAO 4600 ML;PERFUME PARA INTERIORES 4600;0
BA - ILHEUS CENTRO;1020554600;PERFUME PARA INTERIORES ALECRIM 4600 ML;PERFUME PARA INTERIORES 4600;0
BA - ILHEUS CENTRO;1020474600;PERFUME PARA INTERIORES AMAZONIA 4600 ML;PERFUME PARA INTERIORES 4600;0
BA - ILHEUS CENTRO;1020584600;PERFUME PARA INTERIORES AMBAR 4600 ML;PERFUME PARA INTERIORES 4600;1
BA - ILHEUS CENTRO;1020154600;PERFUME PARA INTERIORES ARUANA 4600 ML;PERFUME PARA INTERIORES 4600;0
BA - ILHEUS CENTRO;1021074600;PERFUME PARA INTERIORES BAMBU 4600 ML;PERFUME PARA INTERIORES 4600;0
BA - ILHEUS CENTRO;1020024600;PERFUME PARA INTERIORES CASCAS & FOLHAS 4600 ML;PERFUME PARA INTERIORES 4600;1
BA - ILHEUS CENTRO;1020084600;PERFUME PARA INTERIORES CEDRO 4600 ML;PERFUME PARA INTERIORES 4600;0
BA - ILHEUS CENTRO;1020114600;PERFUME PARA INTERIORES CURUMIM 4600 ML;PERFUME PARA INTERIORES 4600;0
BA - ILHEUS CENTRO;1020494600;PERFUME PARA INTERIORES FLOR DE ALGODAO 4600 ML;PERFUME PARA INTERIORES 4600;0
BA - ILHEUS CENTRO;1020164600;PERFUME PARA INTERIORES FLORESTA 4600 ML;PERFUME PARA INTERIORES 4600;0
BA - ILHEUS CENTRO;1020174600;PERFUME PARA INTERIORES GABRIELA 4600 ML;PERFUME PARA INTERIORES 4600;0
BA - ILHEUS CENTRO;1020184600;PERFUME PARA INTERIORES GOIM 4600 ML;PERFUME PARA INTERIORES 4600;0
BA - ILHEUS CENTRO;1021134600;PERFUME PARA INTERIORES JAMBOA 4600 ML;PERFUME PARA INTERIORES 4600;0
BA - ILHEUS CENTRO;1020014600;PERFUME PARA INTERIORES LAVANDA 4600 ML;PERFUME PARA INTERIORES 4600;0
BA - ILHEUS CENTRO;1020254600;PERFUME PARA INTERIORES MARRUA 4600 ML;PERFUME PARA INTERIORES 4600;1
BA - ILHEUS CENTRO;1020264600;PERFUME PARA INTERIORES MELAO & MELANCIA 4600 ML;PERFUME PARA INTERIORES 4600;0
BA - ILHEUS CENTRO;1020294600;PERFUME PARA INTERIORES MORANGO 4600 ML;PERFUME PARA INTERIORES 4600;0
BA - ILHEUS CENTRO;1020444600;PERFUME PARA INTERIORES ORIENTAL 4600 ML;PERFUME PARA INTERIORES 4600;0
BA - ILHEUS CENTRO;1020214600;PERFUME PARA INTERIORES PATCHOULI 4600 ML;PERFUME PARA INTERIORES 4600;0
BA - ILHEUS CENTRO;1020234600;PERFUME PARA INTERIORES PITANGA 4600 ML;PERFUME PARA INTERIORES 4600;0
BA - ILHEUS CENTRO;1020644600;PERFUME PARA INTERIORES PROVENCE 4600 ML;PERFUME PARA INTERIORES 4600;0
BA - ILHEUS CENTRO;1020124600;PERFUME PARA INTERIORES TERRAMAR 4600 ML;PERFUME PARA INTERIORES 4600;0
BA - ILHEUS CENTRO;1020524600;PERFUME PARA INTERIORES VERBENA 4600 ML;PERFUME PARA INTERIORES 4600;0
BA - ILHEUS CENTRO;1020604600;PERFUME PARA INTERIORES VINHEDOS 4600 ML;PERFUME PARA INTERIORES 4600;0
BA - ILHEUS CENTRO;1020470500;PERFUME PARA INTERIORES AMAZONIA 500 ML;PERFUME PARA INTERIORES 500;0
BA - ILHEUS CENTRO;1020150500;PERFUME PARA INTERIORES ARUANA 500 ML;PERFUME PARA INTERIORES 500;0
BA - ILHEUS CENTRO;1021070500;PERFUME PARA INTERIORES BAMBU 500 ML;PERFUME PARA INTERIORES 500;2
BA - ILHEUS CENTRO;1020080500;PERFUME PARA INTERIORES CEDRO 500 ML;PERFUME PARA INTERIORES 500;2
BA - ILHEUS CENTRO;1020160500;PERFUME PARA INTERIORES FLORESTA 500 ML;PERFUME PARA INTERIORES 500;1
BA - ILHEUS CENTRO;1020170500;PERFUME PARA INTERIORES GABRIELA 500 ML;PERFUME PARA INTERIORES 500;1
BA - ILHEUS CENTRO;1020180500;PERFUME PARA INTERIORES GOIM 500 ML;PERFUME PARA INTERIORES 500;3
BA - ILHEUS CENTRO;1021130500;PERFUME PARA INTERIORES JAMBOA 500 ML;PERFUME PARA INTERIORES 500;0
BA - ILHEUS CENTRO;1020010500;PERFUME PARA INTERIORES LAVANDA 500 ML;PERFUME PARA INTERIORES 500;2
BA - ILHEUS CENTRO;1020260500;PERFUME PARA INTERIORES MELAO & MELANCIA 500 ML;PERFUME PARA INTERIORES 500;0
BA - ILHEUS CENTRO;1020290500;PERFUME PARA INTERIORES MORANGO 500 ML;PERFUME PARA INTERIORES 500;1
BA - ILHEUS CENTRO;1020440500;PERFUME PARA INTERIORES ORIENTAL 500 ML;PERFUME PARA INTERIORES 500;2
BA - ILHEUS CENTRO;1020210500;PERFUME PARA INTERIORES PATCHOULI 500 ML;PERFUME PARA INTERIORES 500;1
BA - ILHEUS CENTRO;1020120500;PERFUME PARA INTERIORES TERRAMAR 500 ML;PERFUME PARA INTERIORES 500;2
BA - ILHEUS CENTRO;1020520500;PERFUME PARA INTERIORES VERBENA 500 ML;PERFUME PARA INTERIORES 500;2
BA - ILHEUS CENTRO;1020600500;PERFUME PARA INTERIORES VINHEDOS 500 ML;PERFUME PARA INTERIORES 500;1
BA - ILHEUS CENTRO;1030231100;AGUA PERFUMADA PARA ROUPAS PITANGA 1100 ML;PITANGA;3
BA - ILHEUS CENTRO;1100239229;DISPERSOR DE CERAMICA PERFUMADO PITANGA;PITANGA;15
BA - ILHEUS CENTRO;1040230030;ESSENCIA CONCENTRADA PITANGA 30 ML;PITANGA;4
BA - ILHEUS CENTRO;2040230210;ESSENCIA PARA DIFUSOR PITANGA 210 ML;PITANGA;6
BA - ILHEUS CENTRO;1050239033;KIT TRIO CASA PITANGA;PITANGA;3
BA - ILHEUS CENTRO;1020230250;PERFUME PARA INTERIORES AEROSOL PITANGA 250 ML;PITANGA;0
BA - ILHEUS CENTRO;1020231100;PERFUME PARA INTERIORES PITANGA 1100 ML;PITANGA;5
BA - ILHEUS CENTRO;1020230200;PERFUME PARA INTERIORES PITANGA 200 ML;PITANGA;8
BA - ILHEUS CENTRO;1020230030;PERFUME PARA INTERIORES PITANGA 30 ML;PITANGA;9
BA - ILHEUS CENTRO;1020230500;PERFUME PARA INTERIORES PITANGA 500 ML;PITANGA;6
BA - ILHEUS CENTRO;2090230500;REFIL SABONETE LIQUIDO PITANGA 500ML;PITANGA;6
BA - ILHEUS CENTRO;1090230380;SABONETE LIQUIDO PITANGA 380 ML;PITANGA;3
BA - ILHEUS CENTRO;1090230500;SABONETE LIQUIDO PITANGA 500ML;PITANGA;4
BA - ILHEUS CENTRO;1060009040;PASTA PORTFOLIO DE FRAGRANCIAS;PORTFOLIO DE FRAGRANCIAS;0
BA - ILHEUS CENTRO;2100029078;REFIL SACHET SEGREDOS DA FLORESTA POUT POURRI;POUT PORRI;13
BA - ILHEUS CENTRO;1100029078;SACHET SEGREDOS DA FLORESTA POUT POURRI;POUT PORRI;1
BA - ILHEUS CENTRO;1060670010;PROVADOR CEDRO & CIPRESTE 10 ML;PROVADORES LINHA ESPLENDOR;0
BA - ILHEUS CENTRO;1061650010;PROVADOR FLORES DA CORTE 10 ML;PROVADORES LINHA ESPLENDOR;0
BA - ILHEUS CENTRO;1060800060;PROVADOR ALECRIM & CAPIM LIMAO 60 ML;PROVADORES LINHA TATO & OLFATO;0
BA - ILHEUS CENTRO;1061058010;PROVADOR AMORA & PITANGA 10 ML;PROVADORES LINHA TATO & OLFATO;0
BA - ILHEUS CENTRO;1061050060;PROVADOR AMORA & PITANGA 60 ML;PROVADORES LINHA TATO & OLFATO;0
BA - ILHEUS CENTRO;1061040060;PROVADOR LAVANDA & AMBAR 60 ML;PROVADORES LINHA TATO & OLFATO;0
BA - ILHEUS CENTRO;1010009100;BANDANA COPA 2014 - COLABORADORES;PROVADORES PERFUMARIA;0
BA - ILHEUS CENTRO;1060009037;CARTOES DE VISITA (PACOTE C/ 30 UN);PROVADORES PERFUMARIA;0
BA - ILHEUS CENTRO;1060009110;PAPEL SEDA AZUL (PCT C/ 20 UNID.);PROVADORES PERFUMARIA;0
BA - ILHEUS CENTRO;1060009111;PAPEL SEDA LARANJA (PCT C/ 20 UNID.);PROVADORES PERFUMARIA;0
BA - ILHEUS CENTRO;1061500100;PROVADOR DEO COLONIA FEMININA GIGI 100 ML;PROVADORES PERFUMARIA;0
BA - ILHEUS CENTRO;1030641100;AGUA PERFUMADA PARA ROUPAS PROVENCE 1100 ML;PROVENCE;3
BA - ILHEUS CENTRO;1040640030;ESSENCIA CONCENTRADA PROVENCE 30 ML;PROVENCE;6
BA - ILHEUS CENTRO;2040640210;ESSENCIA PARA DIFUSOR PROVENCE 210 ML;PROVENCE;10
BA - ILHEUS CENTRO;1050649033;KIT TRIO CASA PROVENCE;PROVENCE;11
BA - ILHEUS CENTRO;1020640250;PERFUME PARA INTERIORES AEROSOL PROVENCE 250 ML;PROVENCE;0
BA - ILHEUS CENTRO;1020641100;PERFUME PARA INTERIORES PROVENCE 1100 ML;PROVENCE;2
BA - ILHEUS CENTRO;1020640200;PERFUME PARA INTERIORES PROVENCE 200 ML;PROVENCE;7
BA - ILHEUS CENTRO;1020640030;PERFUME PARA INTERIORES PROVENCE 30 ML;PROVENCE;4
BA - ILHEUS CENTRO;1020640500;PERFUME PARA INTERIORES PROVENCE 500 ML;PROVENCE;5
BA - ILHEUS CENTRO;2090640500;REFIL SABONETE LIQUIDO PROVENCE 500ML;PROVENCE;0
BA - ILHEUS CENTRO;1090640380;SABONETE LIQUIDO PROVENCE 380 ML;PROVENCE;0
BA - ILHEUS CENTRO;1090640500;SABONETE LIQUIDO PROVENCE 500ML;PROVENCE;3
BA - ILHEUS CENTRO;1100640015;SACHE ENVELOPE PERFUMADO PROVENCE 15G;PROVENCE;0
BA - ILHEUS CENTRO;1091070120;SABONETE EM BARRA BAMBU 120 G;SABONETE EM BARRAS;8
BA - ILHEUS CENTRO;1090180120;SABONETE EM BARRA GOIM 120 G;SABONETE EM BARRAS;4
BA - ILHEUS CENTRO;1091130120;SABONETE EM BARRA JAMBOA 120 G;SABONETE EM BARRAS;8
BA - ILHEUS CENTRO;1090260120;SABONETE EM BARRA MELAO E MELANCIA 120 G;SABONETE EM BARRAS;7
BA - ILHEUS CENTRO;1090440120;SABONETE EM BARRA ORIENTAL 120 G;SABONETE EM BARRAS;4
BA - ILHEUS CENTRO;1090520120;SABONETE EM BARRA VERBENA 120 G;SABONETE EM BARRAS;9
BA - ILHEUS CENTRO;1100520015;SACHE ENVELOPE PERFUMADO VERBENA 15G;SACHET ENVELOPE;0
BA - ILHEUS CENTRO;1060009249;SACOLA G VERDE COM ALCA DE GORGURAO;SACOLAS;0
BA - ILHEUS CENTRO;1060009142;SACOLA M VERDE;SACOLAS;0
BA - ILHEUS CENTRO;1060009248;SACOLA M VERDE COM ALCA DE GORGURAO;SACOLAS;0
BA - ILHEUS CENTRO;1060009141;SACOLA P VERDE;SACOLAS;0
BA - ILHEUS CENTRO;1060009247;SACOLA P VERDE COM ALCA DE GORGURAO;SACOLAS;0
BA - ILHEUS CENTRO;1060009140;SACOLA PP VERDE;SACOLAS;0
BA - ILHEUS CENTRO;1110710130;SAIS DE BANHO E ESPUMA AGUA DE COCO 130 G;SAIS DE BANHO;0
BA - ILHEUS CENTRO;1110710300;SAIS DE BANHO E ESPUMA AGUA DE COCO 380 G;SAIS DE BANHO;0
BA - ILHEUS CENTRO;1110720130;SAIS DE BANHO E ESPUMA FLOR DE LARANJEIRA 130 G;SAIS DE BANHO;0
BA - ILHEUS CENTRO;1110720300;SAIS DE BANHO E ESPUMA FLOR DE LARANJEIRA 380 G;SAIS DE BANHO;0
BA - ILHEUS CENTRO;1110730130;SAIS DE BANHO E ESPUMA MANGA VERDE 130 G;SAIS DE BANHO;0
BA - ILHEUS CENTRO;1110730300;SAIS DE BANHO E ESPUMA MANGA VERDE 380 G;SAIS DE BANHO;0
BA - ILHEUS CENTRO;1110740130;SAIS DE BANHO E ESPUMA YLANG YLANG 130 G;SAIS DE BANHO;0
BA - ILHEUS CENTRO;1110740300;SAIS DE BANHO E ESPUMA YLANG YLANG 380 G;SAIS DE BANHO;0
BA - ILHEUS CENTRO;1141480100;CREME HIDRATANTE QUERATOLITICO PARA OS PES 100 G - SANTO PE;SANTO PE;7
BA - ILHEUS CENTRO;1141480160;DESODORANTE PARA OS PES 160 ML - SANTO PE;SANTO PE;6
BA - ILHEUS CENTRO;1141480130;GEL RELAXANTE PARA OS PES E PERNAS 130 G - SANTO PE;SANTO PE;0
BA - ILHEUS CENTRO;1141480150;PASTA AGRIDOCE ESFOLIANTE PARA OS PES 150 G - SANTO PE;SANTO PE;10
BA - ILHEUS CENTRO;1141489197;PEDILUVIO BANHO RELAXANTE PARA OS PES 150 G - SANTO PE;SANTO PE;12
BA - ILHEUS CENTRO;1141480080;TALCO EM CREME PARA OS PES 80 G - SANTO PE;SANTO PE;3
BA - ILHEUS CENTRO;1081490100;DEO PARFUM MASCULINO SELETO 100 ML;SELETO;7
BA - ILHEUS CENTRO;1051179243;KIT SERENA;SERENA;0
BA - ILHEUS CENTRO;1070790301;EMULSAO HIDRATANTE TAPAJOS 300 G;TAPAJOS;0
BA - ILHEUS CENTRO;1090790301;GEL DE BANHO TAPAJOS 300 ML;TAPAJOS;18
BA - ILHEUS CENTRO;1050799036;KIT VINTAGE TAPAJOS;TAPAJOS;0
BA - ILHEUS CENTRO;1090790101;SABONETE EM BARRA TAPAJOS 100 G (CX/3 UNID.);TAPAJOS;1
BA - ILHEUS CENTRO;1090790201;SABONETE EM BARRA TAPAJOS 200 G;TAPAJOS;6
BA - ILHEUS CENTRO;1040190350;DIFUSOR DE ESS«?NCIAS TERRA MADRE 350 ML;TERRA MADRE;2
BA - ILHEUS CENTRO;1070190350;HIDRATANTE CORPORAL TERRA MADRE 350 ML;TERRA MADRE;4
BA - ILHEUS CENTRO;1020190150;PERFUME PARA INTERIORES TERRA MADRE 150 ML;TERRA MADRE;4
BA - ILHEUS CENTRO;1020194600;PERFUME PARA INTERIORES TERRA MADRE 4600 ML;TERRA MADRE;0
BA - ILHEUS CENTRO;2070190350;REFIL HIDRATANTE CORPORAL TERRA MADRE 350 ML;TERRA MADRE;0
BA - ILHEUS CENTRO;2090190500;REFIL SABONETE L«çQUIDO TERRA MADRE 500ML;TERRA MADRE;4
BA - ILHEUS CENTRO;1090190120;SABONETE EM BARRA TERRA MADRE (CX/3 UNID.);TERRA MADRE;1
BA - ILHEUS CENTRO;1090190350;SABONETE LIQUIDO TERRA MADRE 350 ML;TERRA MADRE;3
BA - ILHEUS CENTRO;1110190700;SAL MARINHO TERRA MADRE 700 G;TERRA MADRE;0
BA - ILHEUS CENTRO;1010009025;VALVULA DISPERSORA AVATIM;VALVULA DISPERSORA;5
BA - ILHEUS CENTRO;2040009131;FLORES DISPERSORAS CONDESSA;VARETAS DIFUSORAS;0
BA - ILHEUS CENTRO;1040009144;VARETAS AVADORE;VARETAS DIFUSORAS;0
BA - ILHEUS CENTRO;1041089145;VARETAS BRANCAS BUQUE DE PEONIAS (PCT COM 12 UND);VARETAS DIFUSORAS;8
BA - ILHEUS CENTRO;1040009027;VARETAS BUQUET NATURAL;VARETAS DIFUSORAS;8
BA - ILHEUS CENTRO;1040009028;VARETAS DE BAMBU;VARETAS DIFUSORAS;8
BA - ILHEUS CENTRO;1040009136;VARETAS ESCURAS TERRA MADRE (PCT COM 12 UND);VARETAS DIFUSORAS;6
BA - ILHEUS CENTRO;1040009132;VARETAS MINI FLORES BRANCAS;VARETAS DIFUSORAS;8
BA - ILHEUS CENTRO;1040009134;VARETAS MINI FLORES LARANJAS;VARETAS DIFUSORAS;11
BA - ILHEUS CENTRO;1040009133;VARETAS MINI FLORES LILAS;VARETAS DIFUSORAS;19
BA - ILHEUS CENTRO;1040009135;VARETAS MINI FLORES ROSAS;VARETAS DIFUSORAS;11
BA - ILHEUS CENTRO;1040009030;VARETAS MINI ROSAS;VARETAS DIFUSORAS;0
BA - ILHEUS CENTRO;1040009031;VARETAS PALITO;VARETAS DIFUSORAS;1
BA - ILHEUS CENTRO;1040009032;VARETAS ROSA LILAS;VARETAS DIFUSORAS;12
BA - ILHEUS CENTRO;1120690160;VELA AROMATICA CRAVO E CANELA 160 G;VELAS 160 G;1
BA - ILHEUS CENTRO;1121200160;VELA AROMATICA GARDENIA & JASMIM 160 G;VELAS 160 G;1
BA - ILHEUS CENTRO;1120700160;VELA AROMATICA VANILLA 160 G;VELAS 160 G;2
BA - ILHEUS CENTRO;1127000400;VELA AROMATICA CITRONELA 400 G;VELAS 400G LATA;2
BA - ILHEUS CENTRO;1091100050;GEL DE BANHO VERBENA & BAMBU 50 ML;VERBENA & BAMBU;0
BA - ILHEUS CENTRO;3021610500;PERFUME PARA INTERIORES XERO DE SALVADOR 500 ML;XERO DE SALVADOR;0
